filename,class_id,scientificName
0.png,3,Amelanchier laevis Wiegand
1.png,29,Quercus rubra L.
2.png,29,Quercus rubra L.
3.png,29,Quercus rubra L.
4.png,0,Acer pensylvanicum L.
5.png,1,Acer rubrum L.
6.png,1,Acer rubrum L.
7.png,29,Quercus rubra L.
8.png,29,Quercus rubra L.
9.png,29,Quercus rubra L.
10.png,21,Quercus alba L.
11.png,29,Quercus rubra L.
12.png,29,Quercus rubra L.
13.png,29,Quercus rubra L.
14.png,4,Betula sp.
15.png,29,Quercus rubra L.
16.png,0,Acer pensylvanicum L.
17.png,1,Acer rubrum L.
18.png,29,Quercus rubra L.
19.png,29,Quercus rubra L.
20.png,0,Acer pensylvanicum L.
21.png,29,Quercus rubra L.
22.png,0,Acer pensylvanicum L.
23.png,21,Quercus alba L.
24.png,21,Quercus alba L.
25.png,3,Amelanchier laevis Wiegand
26.png,5,Carya glabra (Mill.) Sweet
27.png,21,Quercus alba L.
28.png,11,Magnolia sp.
29.png,11,Magnolia sp.
30.png,1,Acer rubrum L.
31.png,27,Quercus montana Willd.
32.png,11,Magnolia sp.
33.png,29,Quercus rubra L.
34.png,0,Acer pensylvanicum L.
35.png,29,Quercus rubra L.
36.png,29,Quercus rubra L.
37.png,29,Quercus rubra L.
38.png,29,Quercus rubra L.
39.png,0,Acer pensylvanicum L.
40.png,29,Quercus rubra L.
41.png,29,Quercus rubra L.
42.png,21,Quercus alba L.
43.png,21,Quercus alba L.
44.png,29,Quercus rubra L.
45.png,21,Quercus alba L.
46.png,1,Acer rubrum L.
47.png,29,Quercus rubra L.
48.png,29,Quercus rubra L.
49.png,3,Amelanchier laevis Wiegand
50.png,29,Quercus rubra L.
51.png,1,Acer rubrum L.
52.png,21,Quercus alba L.
53.png,21,Quercus alba L.
54.png,19,Pinus taeda L.
55.png,21,Quercus alba L.
56.png,21,Quercus alba L.
57.png,19,Pinus taeda L.
58.png,19,Pinus taeda L.
59.png,20,Prunus serotina Ehrh.
60.png,19,Pinus taeda L.
61.png,21,Quercus alba L.
62.png,1,Acer rubrum L.
63.png,29,Quercus rubra L.
64.png,29,Quercus rubra L.
65.png,14,Oxydendrum sp.
66.png,29,Quercus rubra L.
67.png,21,Quercus alba L.
68.png,14,Oxydendrum sp.
69.png,21,Quercus alba L.
70.png,29,Quercus rubra L.
71.png,21,Quercus alba L.
72.png,21,Quercus alba L.
73.png,14,Oxydendrum sp.
74.png,21,Quercus alba L.
75.png,1,Acer rubrum L.
76.png,14,Oxydendrum sp.
77.png,29,Quercus rubra L.
78.png,14,Oxydendrum sp.
79.png,9,Liriodendron tulipifera L.
80.png,9,Liriodendron tulipifera L.
81.png,9,Liriodendron tulipifera L.
82.png,9,Liriodendron tulipifera L.
83.png,9,Liriodendron tulipifera L.
84.png,6,Carya tomentosa (Lam.) Nutt.
85.png,11,Magnolia sp.
86.png,9,Liriodendron tulipifera L.
87.png,9,Liriodendron tulipifera L.
88.png,29,Quercus rubra L.
89.png,9,Liriodendron tulipifera L.
90.png,9,Liriodendron tulipifera L.
91.png,9,Liriodendron tulipifera L.
92.png,9,Liriodendron tulipifera L.
93.png,9,Liriodendron tulipifera L.
94.png,21,Quercus alba L.
95.png,29,Quercus rubra L.
96.png,29,Quercus rubra L.
97.png,29,Quercus rubra L.
98.png,29,Quercus rubra L.
99.png,29,Quercus rubra L.
100.png,29,Quercus rubra L.
101.png,29,Quercus rubra L.
102.png,29,Quercus rubra L.
103.png,1,Acer rubrum L.
104.png,29,Quercus rubra L.
105.png,29,Quercus rubra L.
106.png,29,Quercus rubra L.
107.png,29,Quercus rubra L.
108.png,29,Quercus rubra L.
109.png,29,Quercus rubra L.
110.png,1,Acer rubrum L.
111.png,29,Quercus rubra L.
112.png,21,Quercus alba L.
113.png,20,Prunus serotina Ehrh.
114.png,29,Quercus rubra L.
115.png,29,Quercus rubra L.
116.png,29,Quercus rubra L.
117.png,29,Quercus rubra L.
118.png,21,Quercus alba L.
119.png,29,Quercus rubra L.
120.png,20,Prunus serotina Ehrh.
121.png,29,Quercus rubra L.
122.png,1,Acer rubrum L.
123.png,29,Quercus rubra L.
124.png,21,Quercus alba L.
125.png,21,Quercus alba L.
126.png,1,Acer rubrum L.
127.png,29,Quercus rubra L.
128.png,29,Quercus rubra L.
129.png,29,Quercus rubra L.
130.png,29,Quercus rubra L.
131.png,29,Quercus rubra L.
132.png,3,Amelanchier laevis Wiegand
133.png,1,Acer rubrum L.
134.png,21,Quercus alba L.
135.png,1,Acer rubrum L.
136.png,21,Quercus alba L.
137.png,29,Quercus rubra L.
138.png,29,Quercus rubra L.
139.png,29,Quercus rubra L.
140.png,29,Quercus rubra L.
141.png,1,Acer rubrum L.
142.png,14,Oxydendrum sp.
143.png,22,Quercus coccinea
144.png,22,Quercus coccinea
145.png,1,Acer rubrum L.
146.png,18,Pinus sp.
147.png,1,Acer rubrum L.
148.png,21,Quercus alba L.
149.png,1,Acer rubrum L.
150.png,1,Acer rubrum L.
151.png,21,Quercus alba L.
152.png,29,Quercus rubra L.
153.png,21,Quercus alba L.
154.png,14,Oxydendrum sp.
155.png,22,Quercus coccinea
156.png,22,Quercus coccinea
157.png,1,Acer rubrum L.
158.png,29,Quercus rubra L.
159.png,22,Quercus coccinea
160.png,14,Oxydendrum sp.
161.png,14,Oxydendrum sp.
162.png,9,Liriodendron tulipifera L.
163.png,21,Quercus alba L.
164.png,9,Liriodendron tulipifera L.
165.png,9,Liriodendron tulipifera L.
166.png,5,Carya glabra (Mill.) Sweet
167.png,11,Magnolia sp.
168.png,3,Amelanchier laevis Wiegand
169.png,21,Quercus alba L.
170.png,22,Quercus coccinea
171.png,1,Acer rubrum L.
172.png,13,Nyssa sylvatica Marshall
173.png,22,Quercus coccinea
174.png,13,Nyssa sylvatica Marshall
175.png,3,Amelanchier laevis Wiegand
176.png,13,Nyssa sylvatica Marshall
177.png,13,Nyssa sylvatica Marshall
178.png,29,Quercus rubra L.
179.png,13,Nyssa sylvatica Marshall
180.png,13,Nyssa sylvatica Marshall
181.png,21,Quercus alba L.
182.png,29,Quercus rubra L.
183.png,1,Acer rubrum L.
184.png,13,Nyssa sylvatica Marshall
185.png,13,Nyssa sylvatica Marshall
186.png,29,Quercus rubra L.
187.png,27,Quercus montana Willd.
188.png,27,Quercus montana Willd.
189.png,1,Acer rubrum L.
190.png,9,Liriodendron tulipifera L.
191.png,21,Quercus alba L.
192.png,29,Quercus rubra L.
193.png,21,Quercus alba L.
194.png,21,Quercus alba L.
195.png,9,Liriodendron tulipifera L.
196.png,32,Tsuga canadensis (L.) Carriere
197.png,29,Quercus rubra L.
198.png,29,Quercus rubra L.
199.png,11,Magnolia sp.
200.png,7,Fagus grandifolia Ehrh.
201.png,1,Acer rubrum L.
202.png,29,Quercus rubra L.
203.png,29,Quercus rubra L.
204.png,29,Quercus rubra L.
205.png,29,Quercus rubra L.
206.png,1,Acer rubrum L.
207.png,1,Acer rubrum L.
208.png,7,Fagus grandifolia Ehrh.
209.png,29,Quercus rubra L.
210.png,7,Fagus grandifolia Ehrh.
211.png,7,Fagus grandifolia Ehrh.
212.png,7,Fagus grandifolia Ehrh.
213.png,29,Quercus rubra L.
214.png,29,Quercus rubra L.
215.png,29,Quercus rubra L.
216.png,7,Fagus grandifolia Ehrh.
217.png,29,Quercus rubra L.
218.png,29,Quercus rubra L.
219.png,29,Quercus rubra L.
220.png,29,Quercus rubra L.
221.png,1,Acer rubrum L.
222.png,29,Quercus rubra L.
223.png,4,Betula sp.
224.png,4,Betula sp.
225.png,1,Acer rubrum L.
226.png,29,Quercus rubra L.
227.png,29,Quercus rubra L.
228.png,29,Quercus rubra L.
229.png,13,Nyssa sylvatica Marshall
230.png,27,Quercus montana Willd.
231.png,29,Quercus rubra L.
232.png,1,Acer rubrum L.
233.png,27,Quercus montana Willd.
234.png,14,Oxydendrum sp.
235.png,11,Magnolia sp.
236.png,1,Acer rubrum L.
237.png,27,Quercus montana Willd.
238.png,1,Acer rubrum L.
239.png,27,Quercus montana Willd.
240.png,29,Quercus rubra L.
241.png,27,Quercus montana Willd.
242.png,27,Quercus montana Willd.
243.png,29,Quercus rubra L.
244.png,21,Quercus alba L.
245.png,21,Quercus alba L.
246.png,18,Pinus sp.
247.png,21,Quercus alba L.
248.png,21,Quercus alba L.
249.png,21,Quercus alba L.
250.png,32,Tsuga canadensis (L.) Carriere
251.png,21,Quercus alba L.
252.png,21,Quercus alba L.
253.png,21,Quercus alba L.
254.png,21,Quercus alba L.
255.png,21,Quercus alba L.
256.png,21,Quercus alba L.
257.png,14,Oxydendrum sp.
258.png,21,Quercus alba L.
259.png,18,Pinus sp.
260.png,18,Pinus sp.
261.png,21,Quercus alba L.
262.png,29,Quercus rubra L.
263.png,29,Quercus rubra L.
264.png,21,Quercus alba L.
265.png,3,Amelanchier laevis Wiegand
266.png,21,Quercus alba L.
267.png,18,Pinus sp.
268.png,18,Pinus sp.
269.png,18,Pinus sp.
270.png,21,Quercus alba L.
271.png,21,Quercus alba L.
272.png,13,Nyssa sylvatica Marshall
273.png,21,Quercus alba L.
274.png,29,Quercus rubra L.
275.png,21,Quercus alba L.
276.png,11,Magnolia sp.
277.png,29,Quercus rubra L.
278.png,1,Acer rubrum L.
279.png,1,Acer rubrum L.
280.png,11,Magnolia sp.
281.png,11,Magnolia sp.
282.png,13,Nyssa sylvatica Marshall
283.png,30,Quercus sp.
284.png,13,Nyssa sylvatica Marshall
285.png,29,Quercus rubra L.
286.png,3,Amelanchier laevis Wiegand
287.png,13,Nyssa sylvatica Marshall
288.png,22,Quercus coccinea
289.png,3,Amelanchier laevis Wiegand
290.png,29,Quercus rubra L.
291.png,3,Amelanchier laevis Wiegand
292.png,3,Amelanchier laevis Wiegand
293.png,29,Quercus rubra L.
294.png,1,Acer rubrum L.
295.png,1,Acer rubrum L.
296.png,21,Quercus alba L.
297.png,11,Magnolia sp.
298.png,13,Nyssa sylvatica Marshall
299.png,11,Magnolia sp.
300.png,22,Quercus coccinea
301.png,3,Amelanchier laevis Wiegand
302.png,21,Quercus alba L.
303.png,21,Quercus alba L.
304.png,29,Quercus rubra L.
305.png,1,Acer rubrum L.
306.png,21,Quercus alba L.
307.png,29,Quercus rubra L.
308.png,13,Nyssa sylvatica Marshall
309.png,21,Quercus alba L.
310.png,13,Nyssa sylvatica Marshall
311.png,1,Acer rubrum L.
312.png,21,Quercus alba L.
313.png,1,Acer rubrum L.
314.png,1,Acer rubrum L.
315.png,22,Quercus coccinea
316.png,3,Amelanchier laevis Wiegand
317.png,21,Quercus alba L.
318.png,3,Amelanchier laevis Wiegand
319.png,3,Amelanchier laevis Wiegand
320.png,3,Amelanchier laevis Wiegand
321.png,3,Amelanchier laevis Wiegand
322.png,1,Acer rubrum L.
323.png,27,Quercus montana Willd.
324.png,3,Amelanchier laevis Wiegand
325.png,27,Quercus montana Willd.
326.png,27,Quercus montana Willd.
327.png,1,Acer rubrum L.
328.png,3,Amelanchier laevis Wiegand
329.png,21,Quercus alba L.
330.png,3,Amelanchier laevis Wiegand
331.png,1,Acer rubrum L.
332.png,11,Magnolia sp.
333.png,29,Quercus rubra L.
334.png,1,Acer rubrum L.
335.png,1,Acer rubrum L.
336.png,21,Quercus alba L.
337.png,13,Nyssa sylvatica Marshall
338.png,21,Quercus alba L.
339.png,29,Quercus rubra L.
340.png,1,Acer rubrum L.
341.png,29,Quercus rubra L.
342.png,21,Quercus alba L.
343.png,21,Quercus alba L.
344.png,1,Acer rubrum L.
345.png,29,Quercus rubra L.
346.png,29,Quercus rubra L.
347.png,29,Quercus rubra L.
348.png,1,Acer rubrum L.
349.png,1,Acer rubrum L.
350.png,18,Pinus sp.
351.png,29,Quercus rubra L.
352.png,1,Acer rubrum L.
353.png,1,Acer rubrum L.
354.png,1,Acer rubrum L.
355.png,1,Acer rubrum L.
356.png,29,Quercus rubra L.
357.png,1,Acer rubrum L.
358.png,1,Acer rubrum L.
359.png,29,Quercus rubra L.
360.png,29,Quercus rubra L.
361.png,29,Quercus rubra L.
362.png,1,Acer rubrum L.
363.png,13,Nyssa sylvatica Marshall
364.png,13,Nyssa sylvatica Marshall
365.png,13,Nyssa sylvatica Marshall
366.png,13,Nyssa sylvatica Marshall
367.png,1,Acer rubrum L.
368.png,3,Amelanchier laevis Wiegand
369.png,22,Quercus coccinea
370.png,29,Quercus rubra L.
371.png,22,Quercus coccinea
372.png,22,Quercus coccinea
373.png,22,Quercus coccinea
374.png,29,Quercus rubra L.
375.png,21,Quercus alba L.
376.png,21,Quercus alba L.
377.png,21,Quercus alba L.
378.png,3,Amelanchier laevis Wiegand
379.png,1,Acer rubrum L.
380.png,1,Acer rubrum L.
381.png,1,Acer rubrum L.
382.png,29,Quercus rubra L.
383.png,1,Acer rubrum L.
384.png,21,Quercus alba L.
385.png,1,Acer rubrum L.
386.png,21,Quercus alba L.
387.png,1,Acer rubrum L.
388.png,29,Quercus rubra L.
389.png,29,Quercus rubra L.
390.png,1,Acer rubrum L.
391.png,31,Robinia pseudoacacia L.
392.png,29,Quercus rubra L.
393.png,29,Quercus rubra L.
394.png,21,Quercus alba L.
395.png,21,Quercus alba L.
396.png,21,Quercus alba L.
397.png,29,Quercus rubra L.
398.png,29,Quercus rubra L.
399.png,29,Quercus rubra L.
400.png,22,Quercus coccinea
401.png,22,Quercus coccinea
402.png,29,Quercus rubra L.
403.png,1,Acer rubrum L.
404.png,22,Quercus coccinea
405.png,29,Quercus rubra L.
406.png,22,Quercus coccinea
407.png,22,Quercus coccinea
408.png,22,Quercus coccinea
409.png,22,Quercus coccinea
410.png,29,Quercus rubra L.
411.png,29,Quercus rubra L.
412.png,29,Quercus rubra L.
413.png,22,Quercus coccinea
414.png,29,Quercus rubra L.
415.png,29,Quercus rubra L.
416.png,13,Nyssa sylvatica Marshall
417.png,29,Quercus rubra L.
418.png,1,Acer rubrum L.
419.png,13,Nyssa sylvatica Marshall
420.png,1,Acer rubrum L.
421.png,1,Acer rubrum L.
422.png,22,Quercus coccinea
423.png,1,Acer rubrum L.
424.png,22,Quercus coccinea
425.png,29,Quercus rubra L.
426.png,3,Amelanchier laevis Wiegand
427.png,1,Acer rubrum L.
428.png,22,Quercus coccinea
429.png,1,Acer rubrum L.
430.png,29,Quercus rubra L.
431.png,22,Quercus coccinea
432.png,22,Quercus coccinea
433.png,1,Acer rubrum L.
434.png,22,Quercus coccinea
435.png,29,Quercus rubra L.
436.png,29,Quercus rubra L.
437.png,29,Quercus rubra L.
438.png,29,Quercus rubra L.
439.png,1,Acer rubrum L.
440.png,21,Quercus alba L.
441.png,29,Quercus rubra L.
442.png,29,Quercus rubra L.
443.png,1,Acer rubrum L.
444.png,3,Amelanchier laevis Wiegand
445.png,29,Quercus rubra L.
446.png,1,Acer rubrum L.
447.png,1,Acer rubrum L.
448.png,29,Quercus rubra L.
449.png,1,Acer rubrum L.
450.png,22,Quercus coccinea
451.png,0,Acer pensylvanicum L.
452.png,29,Quercus rubra L.
453.png,11,Magnolia sp.
454.png,22,Quercus coccinea
455.png,21,Quercus alba L.
456.png,29,Quercus rubra L.
457.png,13,Nyssa sylvatica Marshall
458.png,3,Amelanchier laevis Wiegand
459.png,13,Nyssa sylvatica Marshall
460.png,1,Acer rubrum L.
461.png,22,Quercus coccinea
462.png,3,Amelanchier laevis Wiegand
463.png,13,Nyssa sylvatica Marshall
464.png,1,Acer rubrum L.
465.png,3,Amelanchier laevis Wiegand
466.png,21,Quercus alba L.
467.png,22,Quercus coccinea
468.png,3,Amelanchier laevis Wiegand
469.png,13,Nyssa sylvatica Marshall
470.png,3,Amelanchier laevis Wiegand
471.png,1,Acer rubrum L.
472.png,22,Quercus coccinea
473.png,29,Quercus rubra L.
474.png,3,Amelanchier laevis Wiegand
475.png,1,Acer rubrum L.
476.png,21,Quercus alba L.
477.png,29,Quercus rubra L.
478.png,21,Quercus alba L.
479.png,3,Amelanchier laevis Wiegand
480.png,1,Acer rubrum L.
481.png,1,Acer rubrum L.
482.png,22,Quercus coccinea
483.png,22,Quercus coccinea
484.png,21,Quercus alba L.
485.png,21,Quercus alba L.
486.png,1,Acer rubrum L.
487.png,21,Quercus alba L.
488.png,1,Acer rubrum L.
489.png,21,Quercus alba L.
490.png,29,Quercus rubra L.
491.png,21,Quercus alba L.
492.png,3,Amelanchier laevis Wiegand
493.png,29,Quercus rubra L.
494.png,3,Amelanchier laevis Wiegand
495.png,22,Quercus coccinea
496.png,22,Quercus coccinea
497.png,3,Amelanchier laevis Wiegand
498.png,3,Amelanchier laevis Wiegand
499.png,3,Amelanchier laevis Wiegand
500.png,3,Amelanchier laevis Wiegand
501.png,1,Acer rubrum L.
502.png,29,Quercus rubra L.
503.png,22,Quercus coccinea
504.png,1,Acer rubrum L.
505.png,22,Quercus coccinea
506.png,11,Magnolia sp.
507.png,1,Acer rubrum L.
508.png,22,Quercus coccinea
509.png,22,Quercus coccinea
510.png,3,Amelanchier laevis Wiegand
511.png,3,Amelanchier laevis Wiegand
512.png,29,Quercus rubra L.
513.png,3,Amelanchier laevis Wiegand
514.png,1,Acer rubrum L.
515.png,21,Quercus alba L.
516.png,22,Quercus coccinea
517.png,13,Nyssa sylvatica Marshall
518.png,3,Amelanchier laevis Wiegand
519.png,1,Acer rubrum L.
520.png,1,Acer rubrum L.
521.png,1,Acer rubrum L.
522.png,13,Nyssa sylvatica Marshall
523.png,3,Amelanchier laevis Wiegand
524.png,13,Nyssa sylvatica Marshall
525.png,13,Nyssa sylvatica Marshall
526.png,1,Acer rubrum L.
527.png,1,Acer rubrum L.
528.png,29,Quercus rubra L.
529.png,29,Quercus rubra L.
530.png,29,Quercus rubra L.
531.png,21,Quercus alba L.
532.png,29,Quercus rubra L.
533.png,1,Acer rubrum L.
534.png,3,Amelanchier laevis Wiegand
535.png,29,Quercus rubra L.
536.png,29,Quercus rubra L.
537.png,21,Quercus alba L.
538.png,3,Amelanchier laevis Wiegand
539.png,1,Acer rubrum L.
540.png,29,Quercus rubra L.
541.png,29,Quercus rubra L.
542.png,1,Acer rubrum L.
543.png,29,Quercus rubra L.
544.png,29,Quercus rubra L.
545.png,21,Quercus alba L.
546.png,21,Quercus alba L.
547.png,29,Quercus rubra L.
548.png,3,Amelanchier laevis Wiegand
549.png,29,Quercus rubra L.
550.png,21,Quercus alba L.
551.png,22,Quercus coccinea
552.png,1,Acer rubrum L.
553.png,29,Quercus rubra L.
554.png,29,Quercus rubra L.
555.png,21,Quercus alba L.
556.png,22,Quercus coccinea
557.png,21,Quercus alba L.
558.png,21,Quercus alba L.
559.png,1,Acer rubrum L.
560.png,1,Acer rubrum L.
561.png,29,Quercus rubra L.
562.png,29,Quercus rubra L.
563.png,29,Quercus rubra L.
564.png,29,Quercus rubra L.
565.png,13,Nyssa sylvatica Marshall
566.png,1,Acer rubrum L.
567.png,3,Amelanchier laevis Wiegand
568.png,22,Quercus coccinea
569.png,1,Acer rubrum L.
570.png,29,Quercus rubra L.
571.png,21,Quercus alba L.
572.png,29,Quercus rubra L.
573.png,1,Acer rubrum L.
574.png,1,Acer rubrum L.
575.png,1,Acer rubrum L.
576.png,1,Acer rubrum L.
577.png,1,Acer rubrum L.
578.png,22,Quercus coccinea
579.png,3,Amelanchier laevis Wiegand
580.png,1,Acer rubrum L.
581.png,1,Acer rubrum L.
582.png,1,Acer rubrum L.
583.png,21,Quercus alba L.
584.png,1,Acer rubrum L.
585.png,3,Amelanchier laevis Wiegand
586.png,13,Nyssa sylvatica Marshall
587.png,21,Quercus alba L.
588.png,21,Quercus alba L.
589.png,20,Prunus serotina Ehrh.
590.png,20,Prunus serotina Ehrh.
591.png,1,Acer rubrum L.
592.png,1,Acer rubrum L.
593.png,1,Acer rubrum L.
594.png,32,Tsuga canadensis (L.) Carriere
595.png,13,Nyssa sylvatica Marshall
596.png,20,Prunus serotina Ehrh.
597.png,22,Quercus coccinea
598.png,22,Quercus coccinea
599.png,29,Quercus rubra L.
600.png,1,Acer rubrum L.
601.png,1,Acer rubrum L.
602.png,22,Quercus coccinea
603.png,1,Acer rubrum L.
604.png,22,Quercus coccinea
605.png,1,Acer rubrum L.
606.png,1,Acer rubrum L.
607.png,1,Acer rubrum L.
608.png,1,Acer rubrum L.
609.png,22,Quercus coccinea
610.png,22,Quercus coccinea
611.png,29,Quercus rubra L.
612.png,22,Quercus coccinea
613.png,1,Acer rubrum L.
614.png,21,Quercus alba L.
615.png,1,Acer rubrum L.
616.png,21,Quercus alba L.
617.png,22,Quercus coccinea
618.png,22,Quercus coccinea
619.png,13,Nyssa sylvatica Marshall
620.png,21,Quercus alba L.
621.png,1,Acer rubrum L.
622.png,20,Prunus serotina Ehrh.
623.png,18,Pinus sp.
624.png,1,Acer rubrum L.
625.png,31,Robinia pseudoacacia L.
626.png,3,Amelanchier laevis Wiegand
627.png,1,Acer rubrum L.
628.png,32,Tsuga canadensis (L.) Carriere
629.png,21,Quercus alba L.
630.png,22,Quercus coccinea
631.png,21,Quercus alba L.
632.png,13,Nyssa sylvatica Marshall
633.png,29,Quercus rubra L.
634.png,21,Quercus alba L.
635.png,22,Quercus coccinea
636.png,22,Quercus coccinea
637.png,31,Robinia pseudoacacia L.
638.png,29,Quercus rubra L.
639.png,21,Quercus alba L.
640.png,22,Quercus coccinea
641.png,22,Quercus coccinea
642.png,3,Amelanchier laevis Wiegand
643.png,1,Acer rubrum L.
644.png,21,Quercus alba L.
645.png,1,Acer rubrum L.
646.png,31,Robinia pseudoacacia L.
647.png,22,Quercus coccinea
648.png,3,Amelanchier laevis Wiegand
649.png,29,Quercus rubra L.
650.png,21,Quercus alba L.
651.png,22,Quercus coccinea
652.png,13,Nyssa sylvatica Marshall
653.png,22,Quercus coccinea
654.png,13,Nyssa sylvatica Marshall
655.png,21,Quercus alba L.
656.png,3,Amelanchier laevis Wiegand
657.png,22,Quercus coccinea
658.png,13,Nyssa sylvatica Marshall
659.png,1,Acer rubrum L.
660.png,13,Nyssa sylvatica Marshall
661.png,29,Quercus rubra L.
662.png,21,Quercus alba L.
663.png,22,Quercus coccinea
664.png,13,Nyssa sylvatica Marshall
665.png,1,Acer rubrum L.
666.png,1,Acer rubrum L.
667.png,3,Amelanchier laevis Wiegand
668.png,13,Nyssa sylvatica Marshall
669.png,21,Quercus alba L.
670.png,29,Quercus rubra L.
671.png,13,Nyssa sylvatica Marshall
672.png,1,Acer rubrum L.
673.png,22,Quercus coccinea
674.png,13,Nyssa sylvatica Marshall
675.png,1,Acer rubrum L.
676.png,1,Acer rubrum L.
677.png,1,Acer rubrum L.
678.png,1,Acer rubrum L.
679.png,1,Acer rubrum L.
680.png,1,Acer rubrum L.
681.png,1,Acer rubrum L.
682.png,1,Acer rubrum L.
683.png,13,Nyssa sylvatica Marshall
684.png,21,Quercus alba L.
685.png,1,Acer rubrum L.
686.png,13,Nyssa sylvatica Marshall
687.png,13,Nyssa sylvatica Marshall
688.png,13,Nyssa sylvatica Marshall
689.png,22,Quercus coccinea
690.png,13,Nyssa sylvatica Marshall
691.png,1,Acer rubrum L.
692.png,4,Betula sp.
693.png,4,Betula sp.
694.png,4,Betula sp.
695.png,29,Quercus rubra L.
696.png,29,Quercus rubra L.
697.png,21,Quercus alba L.
698.png,1,Acer rubrum L.
699.png,29,Quercus rubra L.
700.png,29,Quercus rubra L.
701.png,29,Quercus rubra L.
702.png,29,Quercus rubra L.
703.png,29,Quercus rubra L.
704.png,3,Amelanchier laevis Wiegand
705.png,29,Quercus rubra L.
706.png,1,Acer rubrum L.
707.png,2,Acer saccharum Marshall
708.png,0,Acer pensylvanicum L.
709.png,29,Quercus rubra L.
710.png,29,Quercus rubra L.
711.png,5,Carya glabra (Mill.) Sweet
712.png,29,Quercus rubra L.
713.png,29,Quercus rubra L.
714.png,29,Quercus rubra L.
715.png,29,Quercus rubra L.
716.png,1,Acer rubrum L.
717.png,29,Quercus rubra L.
718.png,29,Quercus rubra L.
719.png,29,Quercus rubra L.
720.png,29,Quercus rubra L.
721.png,25,Quercus laevis Walter
722.png,17,Pinus palustris Mill.
723.png,17,Pinus palustris Mill.
724.png,17,Pinus palustris Mill.
725.png,17,Pinus palustris Mill.
726.png,17,Pinus palustris Mill.
727.png,25,Quercus laevis Walter
728.png,17,Pinus palustris Mill.
729.png,17,Pinus palustris Mill.
730.png,17,Pinus palustris Mill.
731.png,17,Pinus palustris Mill.
732.png,17,Pinus palustris Mill.
733.png,17,Pinus palustris Mill.
734.png,17,Pinus palustris Mill.
735.png,17,Pinus palustris Mill.
736.png,17,Pinus palustris Mill.
737.png,17,Pinus palustris Mill.
738.png,17,Pinus palustris Mill.
739.png,17,Pinus palustris Mill.
740.png,17,Pinus palustris Mill.
741.png,25,Quercus laevis Walter
742.png,25,Quercus laevis Walter
743.png,17,Pinus palustris Mill.
744.png,17,Pinus palustris Mill.
745.png,17,Pinus palustris Mill.
746.png,23,Quercus geminata Small
747.png,23,Quercus geminata Small
748.png,23,Quercus geminata Small
749.png,23,Quercus geminata Small
750.png,17,Pinus palustris Mill.
751.png,23,Quercus geminata Small
752.png,23,Quercus geminata Small
753.png,25,Quercus laevis Walter
754.png,25,Quercus laevis Walter
755.png,26,Quercus laurifolia Michx.
756.png,23,Quercus geminata Small
757.png,23,Quercus geminata Small
758.png,25,Quercus laevis Walter
759.png,23,Quercus geminata Small
760.png,23,Quercus geminata Small
761.png,17,Pinus palustris Mill.
762.png,17,Pinus palustris Mill.
763.png,17,Pinus palustris Mill.
764.png,17,Pinus palustris Mill.
765.png,17,Pinus palustris Mill.
766.png,17,Pinus palustris Mill.
767.png,17,Pinus palustris Mill.
768.png,17,Pinus palustris Mill.
769.png,17,Pinus palustris Mill.
770.png,17,Pinus palustris Mill.
771.png,17,Pinus palustris Mill.
772.png,17,Pinus palustris Mill.
773.png,17,Pinus palustris Mill.
774.png,25,Quercus laevis Walter
775.png,17,Pinus palustris Mill.
776.png,17,Pinus palustris Mill.
777.png,25,Quercus laevis Walter
778.png,17,Pinus palustris Mill.
779.png,17,Pinus palustris Mill.
780.png,17,Pinus palustris Mill.
781.png,17,Pinus palustris Mill.
782.png,17,Pinus palustris Mill.
783.png,17,Pinus palustris Mill.
784.png,17,Pinus palustris Mill.
785.png,17,Pinus palustris Mill.
786.png,17,Pinus palustris Mill.
787.png,17,Pinus palustris Mill.
788.png,17,Pinus palustris Mill.
789.png,17,Pinus palustris Mill.
790.png,17,Pinus palustris Mill.
791.png,17,Pinus palustris Mill.
792.png,17,Pinus palustris Mill.
793.png,17,Pinus palustris Mill.
794.png,17,Pinus palustris Mill.
795.png,17,Pinus palustris Mill.
796.png,25,Quercus laevis Walter
797.png,17,Pinus palustris Mill.
798.png,17,Pinus palustris Mill.
799.png,17,Pinus palustris Mill.
800.png,17,Pinus palustris Mill.
801.png,17,Pinus palustris Mill.
802.png,17,Pinus palustris Mill.
803.png,17,Pinus palustris Mill.
804.png,17,Pinus palustris Mill.
805.png,17,Pinus palustris Mill.
806.png,17,Pinus palustris Mill.
807.png,25,Quercus laevis Walter
808.png,25,Quercus laevis Walter
809.png,17,Pinus palustris Mill.
810.png,17,Pinus palustris Mill.
811.png,17,Pinus palustris Mill.
812.png,17,Pinus palustris Mill.
813.png,17,Pinus palustris Mill.
814.png,17,Pinus palustris Mill.
815.png,17,Pinus palustris Mill.
816.png,17,Pinus palustris Mill.
817.png,17,Pinus palustris Mill.
818.png,17,Pinus palustris Mill.
819.png,17,Pinus palustris Mill.
820.png,17,Pinus palustris Mill.
821.png,17,Pinus palustris Mill.
822.png,25,Quercus laevis Walter
823.png,17,Pinus palustris Mill.
824.png,17,Pinus palustris Mill.
825.png,17,Pinus palustris Mill.
826.png,17,Pinus palustris Mill.
827.png,17,Pinus palustris Mill.
828.png,25,Quercus laevis Walter
829.png,17,Pinus palustris Mill.
830.png,17,Pinus palustris Mill.
831.png,17,Pinus palustris Mill.
832.png,17,Pinus palustris Mill.
833.png,17,Pinus palustris Mill.
834.png,17,Pinus palustris Mill.
835.png,17,Pinus palustris Mill.
836.png,17,Pinus palustris Mill.
837.png,17,Pinus palustris Mill.
838.png,17,Pinus palustris Mill.
839.png,25,Quercus laevis Walter
840.png,25,Quercus laevis Walter
841.png,25,Quercus laevis Walter
842.png,25,Quercus laevis Walter
843.png,25,Quercus laevis Walter
844.png,25,Quercus laevis Walter
845.png,17,Pinus palustris Mill.
846.png,17,Pinus palustris Mill.
847.png,17,Pinus palustris Mill.
848.png,17,Pinus palustris Mill.
849.png,17,Pinus palustris Mill.
850.png,17,Pinus palustris Mill.
851.png,17,Pinus palustris Mill.
852.png,17,Pinus palustris Mill.
853.png,17,Pinus palustris Mill.
854.png,17,Pinus palustris Mill.
855.png,17,Pinus palustris Mill.
856.png,17,Pinus palustris Mill.
857.png,17,Pinus palustris Mill.
858.png,17,Pinus palustris Mill.
859.png,17,Pinus palustris Mill.
860.png,17,Pinus palustris Mill.
861.png,17,Pinus palustris Mill.
862.png,17,Pinus palustris Mill.
863.png,17,Pinus palustris Mill.
864.png,17,Pinus palustris Mill.
865.png,17,Pinus palustris Mill.
866.png,17,Pinus palustris Mill.
867.png,17,Pinus palustris Mill.
868.png,17,Pinus palustris Mill.
869.png,17,Pinus palustris Mill.
870.png,17,Pinus palustris Mill.
871.png,17,Pinus palustris Mill.
872.png,17,Pinus palustris Mill.
873.png,17,Pinus palustris Mill.
874.png,17,Pinus palustris Mill.
875.png,17,Pinus palustris Mill.
876.png,17,Pinus palustris Mill.
877.png,17,Pinus palustris Mill.
878.png,17,Pinus palustris Mill.
879.png,17,Pinus palustris Mill.
880.png,17,Pinus palustris Mill.
881.png,17,Pinus palustris Mill.
882.png,17,Pinus palustris Mill.
883.png,17,Pinus palustris Mill.
884.png,17,Pinus palustris Mill.
885.png,17,Pinus palustris Mill.
886.png,17,Pinus palustris Mill.
887.png,17,Pinus palustris Mill.
888.png,17,Pinus palustris Mill.
889.png,17,Pinus palustris Mill.
890.png,17,Pinus palustris Mill.
891.png,17,Pinus palustris Mill.
892.png,17,Pinus palustris Mill.
893.png,17,Pinus palustris Mill.
894.png,17,Pinus palustris Mill.
895.png,17,Pinus palustris Mill.
896.png,17,Pinus palustris Mill.
897.png,17,Pinus palustris Mill.
898.png,17,Pinus palustris Mill.
899.png,17,Pinus palustris Mill.
900.png,17,Pinus palustris Mill.
901.png,17,Pinus palustris Mill.
902.png,17,Pinus palustris Mill.
903.png,17,Pinus palustris Mill.
904.png,17,Pinus palustris Mill.
905.png,17,Pinus palustris Mill.
906.png,17,Pinus palustris Mill.
907.png,17,Pinus palustris Mill.
908.png,17,Pinus palustris Mill.
909.png,17,Pinus palustris Mill.
910.png,25,Quercus laevis Walter
911.png,17,Pinus palustris Mill.
912.png,17,Pinus palustris Mill.
913.png,17,Pinus palustris Mill.
914.png,17,Pinus palustris Mill.
915.png,17,Pinus palustris Mill.
916.png,17,Pinus palustris Mill.
917.png,17,Pinus palustris Mill.
918.png,25,Quercus laevis Walter
919.png,17,Pinus palustris Mill.
920.png,17,Pinus palustris Mill.
921.png,17,Pinus palustris Mill.
922.png,17,Pinus palustris Mill.
923.png,17,Pinus palustris Mill.
924.png,17,Pinus palustris Mill.
925.png,17,Pinus palustris Mill.
926.png,17,Pinus palustris Mill.
927.png,17,Pinus palustris Mill.
928.png,17,Pinus palustris Mill.
929.png,25,Quercus laevis Walter
930.png,17,Pinus palustris Mill.
931.png,17,Pinus palustris Mill.
932.png,17,Pinus palustris Mill.
933.png,17,Pinus palustris Mill.
934.png,17,Pinus palustris Mill.
935.png,1,Acer rubrum L.
936.png,1,Acer rubrum L.
937.png,1,Acer rubrum L.
938.png,12,Nyssa biflora Walter
939.png,12,Nyssa biflora Walter
940.png,15,Persea palustris (Raf.) Sarg.
941.png,15,Persea palustris (Raf.) Sarg.
942.png,1,Acer rubrum L.
943.png,10,Lyonia lucida (Lam.) K. Koch
944.png,8,Gordonia lasianthus (L.) Ellis
945.png,16,Pinus elliottii Engelm.
946.png,17,Pinus palustris Mill.
947.png,17,Pinus palustris Mill.
948.png,25,Quercus laevis Walter
949.png,17,Pinus palustris Mill.
950.png,17,Pinus palustris Mill.
951.png,17,Pinus palustris Mill.
952.png,17,Pinus palustris Mill.
953.png,17,Pinus palustris Mill.
954.png,17,Pinus palustris Mill.
955.png,17,Pinus palustris Mill.
956.png,17,Pinus palustris Mill.
957.png,17,Pinus palustris Mill.
958.png,17,Pinus palustris Mill.
959.png,17,Pinus palustris Mill.
960.png,17,Pinus palustris Mill.
961.png,17,Pinus palustris Mill.
962.png,17,Pinus palustris Mill.
963.png,17,Pinus palustris Mill.
964.png,17,Pinus palustris Mill.
965.png,17,Pinus palustris Mill.
966.png,17,Pinus palustris Mill.
967.png,17,Pinus palustris Mill.
968.png,17,Pinus palustris Mill.
969.png,17,Pinus palustris Mill.
970.png,17,Pinus palustris Mill.
971.png,17,Pinus palustris Mill.
972.png,17,Pinus palustris Mill.
973.png,17,Pinus palustris Mill.
974.png,17,Pinus palustris Mill.
975.png,17,Pinus palustris Mill.
976.png,17,Pinus palustris Mill.
977.png,17,Pinus palustris Mill.
978.png,17,Pinus palustris Mill.
979.png,17,Pinus palustris Mill.
980.png,17,Pinus palustris Mill.
981.png,17,Pinus palustris Mill.
982.png,17,Pinus palustris Mill.
983.png,17,Pinus palustris Mill.
984.png,17,Pinus palustris Mill.
985.png,17,Pinus palustris Mill.
986.png,17,Pinus palustris Mill.
987.png,17,Pinus palustris Mill.
988.png,17,Pinus palustris Mill.
989.png,17,Pinus palustris Mill.
990.png,17,Pinus palustris Mill.
991.png,17,Pinus palustris Mill.
992.png,17,Pinus palustris Mill.
993.png,17,Pinus palustris Mill.
994.png,23,Quercus geminata Small
995.png,17,Pinus palustris Mill.
996.png,17,Pinus palustris Mill.
997.png,17,Pinus palustris Mill.
998.png,17,Pinus palustris Mill.
999.png,17,Pinus palustris Mill.
1000.png,17,Pinus palustris Mill.
1001.png,17,Pinus palustris Mill.
1002.png,17,Pinus palustris Mill.
1003.png,17,Pinus palustris Mill.
1004.png,17,Pinus palustris Mill.
1005.png,17,Pinus palustris Mill.
1006.png,17,Pinus palustris Mill.
1007.png,17,Pinus palustris Mill.
1008.png,17,Pinus palustris Mill.
1009.png,17,Pinus palustris Mill.
1010.png,17,Pinus palustris Mill.
1011.png,17,Pinus palustris Mill.
1012.png,17,Pinus palustris Mill.
1013.png,17,Pinus palustris Mill.
1014.png,17,Pinus palustris Mill.
1015.png,17,Pinus palustris Mill.
1016.png,17,Pinus palustris Mill.
1017.png,17,Pinus palustris Mill.
1018.png,17,Pinus palustris Mill.
1019.png,17,Pinus palustris Mill.
1020.png,17,Pinus palustris Mill.
1021.png,17,Pinus palustris Mill.
1022.png,17,Pinus palustris Mill.
1023.png,17,Pinus palustris Mill.
1024.png,25,Quercus laevis Walter
1025.png,25,Quercus laevis Walter
1026.png,17,Pinus palustris Mill.
1027.png,17,Pinus palustris Mill.
1028.png,25,Quercus laevis Walter
1029.png,17,Pinus palustris Mill.
1030.png,17,Pinus palustris Mill.
1031.png,25,Quercus laevis Walter
1032.png,25,Quercus laevis Walter
1033.png,25,Quercus laevis Walter
1034.png,25,Quercus laevis Walter
1035.png,25,Quercus laevis Walter
1036.png,25,Quercus laevis Walter
1037.png,17,Pinus palustris Mill.
1038.png,25,Quercus laevis Walter
1039.png,25,Quercus laevis Walter
1040.png,25,Quercus laevis Walter
1041.png,25,Quercus laevis Walter
1042.png,17,Pinus palustris Mill.
1043.png,25,Quercus laevis Walter
1044.png,17,Pinus palustris Mill.
1045.png,25,Quercus laevis Walter
1046.png,17,Pinus palustris Mill.
1047.png,25,Quercus laevis Walter
1048.png,25,Quercus laevis Walter
1049.png,25,Quercus laevis Walter
1050.png,17,Pinus palustris Mill.
1051.png,17,Pinus palustris Mill.
1052.png,17,Pinus palustris Mill.
1053.png,17,Pinus palustris Mill.
1054.png,17,Pinus palustris Mill.
1055.png,17,Pinus palustris Mill.
1056.png,17,Pinus palustris Mill.
1057.png,17,Pinus palustris Mill.
1058.png,17,Pinus palustris Mill.
1059.png,17,Pinus palustris Mill.
1060.png,17,Pinus palustris Mill.
1061.png,17,Pinus palustris Mill.
1062.png,17,Pinus palustris Mill.
1063.png,17,Pinus palustris Mill.
1064.png,17,Pinus palustris Mill.
1065.png,17,Pinus palustris Mill.
1066.png,17,Pinus palustris Mill.
1067.png,17,Pinus palustris Mill.
1068.png,17,Pinus palustris Mill.
1069.png,17,Pinus palustris Mill.
1070.png,25,Quercus laevis Walter
1071.png,25,Quercus laevis Walter
1072.png,25,Quercus laevis Walter
1073.png,25,Quercus laevis Walter
1074.png,17,Pinus palustris Mill.
1075.png,17,Pinus palustris Mill.
1076.png,17,Pinus palustris Mill.
1077.png,17,Pinus palustris Mill.
1078.png,23,Quercus geminata Small
1079.png,24,Quercus hemisphaerica W. Bartram ex Willd.
1080.png,16,Pinus elliottii Engelm.
1081.png,16,Pinus elliottii Engelm.
1082.png,16,Pinus elliottii Engelm.
1083.png,16,Pinus elliottii Engelm.
1084.png,16,Pinus elliottii Engelm.
1085.png,17,Pinus palustris Mill.
1086.png,24,Quercus hemisphaerica W. Bartram ex Willd.
1087.png,17,Pinus palustris Mill.
1088.png,23,Quercus geminata Small
1089.png,17,Pinus palustris Mill.
1090.png,17,Pinus palustris Mill.
1091.png,24,Quercus hemisphaerica W. Bartram ex Willd.
1092.png,17,Pinus palustris Mill.
1093.png,17,Pinus palustris Mill.
1094.png,28,Quercus nigra L.
1095.png,24,Quercus hemisphaerica W. Bartram ex Willd.
1096.png,28,Quercus nigra L.
1097.png,24,Quercus hemisphaerica W. Bartram ex Willd.
1098.png,23,Quercus geminata Small
1099.png,23,Quercus geminata Small
1100.png,28,Quercus nigra L.
1101.png,17,Pinus palustris Mill.
1102.png,17,Pinus palustris Mill.
1103.png,25,Quercus laevis Walter
1104.png,25,Quercus laevis Walter
1105.png,17,Pinus palustris Mill.
1106.png,25,Quercus laevis Walter
1107.png,25,Quercus laevis Walter
1108.png,17,Pinus palustris Mill.
1109.png,25,Quercus laevis Walter
1110.png,25,Quercus laevis Walter
1111.png,25,Quercus laevis Walter
1112.png,17,Pinus palustris Mill.
1113.png,17,Pinus palustris Mill.
1114.png,17,Pinus palustris Mill.
1115.png,17,Pinus palustris Mill.
1116.png,17,Pinus palustris Mill.
1117.png,17,Pinus palustris Mill.
1118.png,17,Pinus palustris Mill.
1119.png,17,Pinus palustris Mill.
1120.png,17,Pinus palustris Mill.
1121.png,17,Pinus palustris Mill.
1122.png,25,Quercus laevis Walter
1123.png,25,Quercus laevis Walter
1124.png,25,Quercus laevis Walter
1125.png,17,Pinus palustris Mill.
1126.png,17,Pinus palustris Mill.
1127.png,17,Pinus palustris Mill.
1128.png,17,Pinus palustris Mill.
1129.png,17,Pinus palustris Mill.
1130.png,17,Pinus palustris Mill.
1131.png,17,Pinus palustris Mill.
1132.png,17,Pinus palustris Mill.
1133.png,17,Pinus palustris Mill.
1134.png,17,Pinus palustris Mill.
1135.png,17,Pinus palustris Mill.
1136.png,25,Quercus laevis Walter
1137.png,25,Quercus laevis Walter
1138.png,17,Pinus palustris Mill.
1139.png,17,Pinus palustris Mill.
1140.png,25,Quercus laevis Walter
1141.png,25,Quercus laevis Walter
1142.png,17,Pinus palustris Mill.
1143.png,17,Pinus palustris Mill.
1144.png,17,Pinus palustris Mill.
1145.png,17,Pinus palustris Mill.
1146.png,25,Quercus laevis Walter
1147.png,25,Quercus laevis Walter
1148.png,17,Pinus palustris Mill.
1149.png,17,Pinus palustris Mill.
1150.png,25,Quercus laevis Walter
1151.png,25,Quercus laevis Walter
1152.png,17,Pinus palustris Mill.
1153.png,17,Pinus palustris Mill.
1154.png,17,Pinus palustris Mill.
1155.png,17,Pinus palustris Mill.
1156.png,17,Pinus palustris Mill.
1157.png,23,Quercus geminata Small
1158.png,17,Pinus palustris Mill.
1159.png,23,Quercus geminata Small
1160.png,23,Quercus geminata Small
1161.png,17,Pinus palustris Mill.
1162.png,25,Quercus laevis Walter
1163.png,17,Pinus palustris Mill.
1164.png,17,Pinus palustris Mill.
1165.png,17,Pinus palustris Mill.
1166.png,17,Pinus palustris Mill.
1167.png,25,Quercus laevis Walter
1168.png,17,Pinus palustris Mill.
1169.png,17,Pinus palustris Mill.
1170.png,17,Pinus palustris Mill.
1171.png,17,Pinus palustris Mill.
1172.png,25,Quercus laevis Walter
1173.png,25,Quercus laevis Walter
1174.png,25,Quercus laevis Walter
1175.png,25,Quercus laevis Walter
1176.png,17,Pinus palustris Mill.
1177.png,17,Pinus palustris Mill.
1178.png,25,Quercus laevis Walter
1179.png,25,Quercus laevis Walter
1180.png,17,Pinus palustris Mill.
1181.png,17,Pinus palustris Mill.
1182.png,17,Pinus palustris Mill.
1183.png,17,Pinus palustris Mill.
1184.png,17,Pinus palustris Mill.
1185.png,17,Pinus palustris Mill.
1186.png,17,Pinus palustris Mill.
1187.png,17,Pinus palustris Mill.
1188.png,17,Pinus palustris Mill.
1189.png,17,Pinus palustris Mill.
1190.png,17,Pinus palustris Mill.
1191.png,17,Pinus palustris Mill.
1192.png,17,Pinus palustris Mill.
1193.png,17,Pinus palustris Mill.
1194.png,25,Quercus laevis Walter
1195.png,25,Quercus laevis Walter
1196.png,25,Quercus laevis Walter
1197.png,25,Quercus laevis Walter
1198.png,17,Pinus palustris Mill.
1199.png,17,Pinus palustris Mill.
1200.png,17,Pinus palustris Mill.
1201.png,17,Pinus palustris Mill.
1202.png,17,Pinus palustris Mill.
1203.png,17,Pinus palustris Mill.
1204.png,17,Pinus palustris Mill.
1205.png,17,Pinus palustris Mill.
1206.png,17,Pinus palustris Mill.
1207.png,17,Pinus palustris Mill.
1208.png,17,Pinus palustris Mill.
1209.png,17,Pinus palustris Mill.
1210.png,17,Pinus palustris Mill.
1211.png,17,Pinus palustris Mill.
1212.png,17,Pinus palustris Mill.
1213.png,17,Pinus palustris Mill.
1214.png,17,Pinus palustris Mill.
1215.png,17,Pinus palustris Mill.
1216.png,17,Pinus palustris Mill.
1217.png,17,Pinus palustris Mill.
1218.png,25,Quercus laevis Walter
1219.png,25,Quercus laevis Walter
1220.png,25,Quercus laevis Walter
1221.png,25,Quercus laevis Walter
1222.png,17,Pinus palustris Mill.
1223.png,17,Pinus palustris Mill.
1224.png,17,Pinus palustris Mill.
1225.png,17,Pinus palustris Mill.
1226.png,25,Quercus laevis Walter
1227.png,25,Quercus laevis Walter
1228.png,25,Quercus laevis Walter
1229.png,25,Quercus laevis Walter
1230.png,25,Quercus laevis Walter
1231.png,25,Quercus laevis Walter
1232.png,25,Quercus laevis Walter
1233.png,25,Quercus laevis Walter
1234.png,25,Quercus laevis Walter
1235.png,25,Quercus laevis Walter
1236.png,25,Quercus laevis Walter
1237.png,25,Quercus laevis Walter
1238.png,25,Quercus laevis Walter
1239.png,25,Quercus laevis Walter
1240.png,17,Pinus palustris Mill.
1241.png,17,Pinus palustris Mill.
1242.png,17,Pinus palustris Mill.
1243.png,25,Quercus laevis Walter
1244.png,25,Quercus laevis Walter
1245.png,25,Quercus laevis Walter
1246.png,25,Quercus laevis Walter
1247.png,17,Pinus palustris Mill.
1248.png,17,Pinus palustris Mill.
1249.png,25,Quercus laevis Walter
1250.png,25,Quercus laevis Walter
1251.png,25,Quercus laevis Walter
1252.png,17,Pinus palustris Mill.
1253.png,17,Pinus palustris Mill.
1254.png,17,Pinus palustris Mill.
1255.png,17,Pinus palustris Mill.
1256.png,17,Pinus palustris Mill.
1257.png,17,Pinus palustris Mill.
1258.png,25,Quercus laevis Walter
1259.png,25,Quercus laevis Walter
1260.png,17,Pinus palustris Mill.
1261.png,17,Pinus palustris Mill.
1262.png,17,Pinus palustris Mill.
1263.png,17,Pinus palustris Mill.
1264.png,17,Pinus palustris Mill.
1265.png,17,Pinus palustris Mill.
1266.png,17,Pinus palustris Mill.
1267.png,17,Pinus palustris Mill.
1268.png,17,Pinus palustris Mill.
1269.png,17,Pinus palustris Mill.
1270.png,17,Pinus palustris Mill.
1271.png,17,Pinus palustris Mill.
1272.png,17,Pinus palustris Mill.
1273.png,17,Pinus palustris Mill.
1274.png,17,Pinus palustris Mill.
1275.png,17,Pinus palustris Mill.
